activity_date,vessels_at_anchor,vessels_at_berth,vessels_departed,average_days_at_berth,average_days_in_port
2020-01-02,0.00000,10.00000,0.00000,0.00000,0.00000
2020-01-03,0.00000,11.00000,1.00000,4.00000,4.00000
2020-01-06,0.00000,6.00000,2.00000,3.50000,3.50000
2020-01-07,0.00000,7.00000,4.00000,3.75000,3.75000
2020-01-08,0.00000,8.00000,1.00000,2.00000,2.00000
2020-01-09,0.00000,9.00000,5.00000,2.60000,2.60000
2020-01-10,0.00000,7.00000,3.00000,2.60000,2.60000
2020-01-13,0.00000,7.00000,6.00000,2.83000,2.83000
2020-01-14,0.00000,8.00000,1.00000,5.00000,5.00000
2020-01-15,0.00000,8.00000,1.00000,2.00000,2.00000
2020-01-16,0.00000,6.00000,7.00000,3.71000,3.71000
2020-01-17,0.00000,10.00000,1.00000,2.00000,2.00000
2020-01-21,1.00000,6.00000,4.00000,4.00000,4.00000
2020-01-22,0.00000,7.00000,1.00000,2.00000,2.00000
2020-01-23,1.00000,5.00000,1.00000,5.00000,5.00000
2020-01-24,0.00000,6.00000,0.00000,0.00000,0.00000
2020-01-27,1.00000,5.00000,4.00000,2.50000,2.50000
2020-01-28,0.00000,8.00000,2.00000,3.00000,3.50000
2020-01-29,0.00000,7.00000,5.00000,3.00000,3.00000
2020-01-30,0.00000,9.00000,3.00000,2.33000,2.33000
2020-01-31,1.00000,8.00000,2.00000,3.00000,3.00000
2020-02-03,1.00000,5.00000,6.00000,4.00000,4.00000
2020-02-04,1.00000,6.00000,3.00000,4.00000,4.00000
2020-02-05,1.00000,9.00000,3.00000,2.00000,2.00000
2020-02-06,1.00000,8.00000,3.00000,2.00000,2.00000
2020-02-07,1.00000,8.00000,2.00000,2.00000,2.00000
2020-02-10,0.00000,6.00000,1.00000,5.00000,5.00000
2020-02-11,0.00000,7.00000,2.00000,4.00000,4.00000
2020-02-12,1.00000,7.00000,2.00000,1.00000,1.00000
2020-02-13,1.00000,5.00000,0.00000,0.00000,0.00000
2020-02-14,0.00000,9.00000,1.00000,3.00000,3.00000
2020-02-18,0.00000,6.00000,4.00000,4.00000,4.00000
2020-02-19,0.00000,7.00000,1.00000,2.00000,2.00000
2020-02-20,0.00000,7.00000,2.00000,2.00000,2.00000
2020-02-21,0.00000,5.00000,2.00000,2.50000,2.50000
2020-02-24,0.00000,2.00000,5.00000,3.20000,3.20000
2020-02-25,0.00000,3.00000,0.00000,0.00000,0.00000
2020-02-26,0.00000,5.00000,0.00000,0.00000,0.00000
2020-02-27,0.00000,3.00000,4.00000,2.25000,2.25000
2020-02-28,0.00000,7.00000,0.00000,0.00000,0.00000
2020-03-02,1.00000,5.00000,1.00000,3.00000,3.00000
2020-03-03,0.00000,4.00000,2.00000,4.00000,4.00000
2020-03-04,0.00000,4.00000,1.00000,2.00000,2.00000
2020-03-05,1.00000,3.00000,0.00000,0.00000,0.00000
2020-03-06,0.00000,5.00000,0.00000,0.00000,0.00000
2020-03-09,0.00000,4.00000,3.00000,2.66000,2.66000
2020-03-10,0.00000,7.00000,0.00000,0.00000,0.00000
2020-03-11,0.00000,5.00000,2.00000,1.66000,1.66000
2020-03-12,0.00000,7.00000,1.00000,3.00000,3.00000
2020-03-13,0.00000,10.00000,2.00000,2.00000,2.00000
2020-03-16,0.00000,5.00000,8.00000,4.12000,4.12000
2020-03-17,0.00000,2.00000,1.00000,4.00000,4.00000
2020-03-18,0.00000,7.00000,2.00000,2.00000,2.00000
2020-03-19,0.00000,8.00000,3.00000,2.00000,2.00000
2020-03-20,0.00000,9.00000,1.00000,1.00000,1.00000
2020-03-23,0.00000,6.00000,0.00000,0.00000,0.00000
2020-03-24,0.00000,7.00000,0.00000,0.00000,0.00000
2020-03-25,1.00000,6.00000,1.00000,2.00000,2.00000
2020-03-26,1.00000,6.00000,1.00000,2.00000,2.00000
2020-03-27,0.00000,6.00000,1.00000,3.00000,3.00000
2020-03-31,0.00000,6.00000,0.00000,0.00000,0.00000
2020-04-01,1.00000,6.00000,2.00000,3.00000,3.00000
2020-04-02,1.00000,5.00000,3.00000,1.66000,1.66000
2020-04-03,0.00000,6.00000,2.00000,4.50000,4.50000
2020-04-06,0.00000,9.00000,3.00000,3.33000,3.33000
2020-04-07,0.00000,11.00000,4.00000,3.50000,3.75000
2020-04-08,0.00000,8.00000,4.00000,2.50000,2.50000
2020-04-09,0.00000,8.00000,1.00000,2.00000,2.00000
2020-04-10,0.00000,7.00000,5.00000,3.40000,3.40000
2020-04-13,0.00000,5.00000,0.00000,0.00000,0.00000
2020-04-14,0.00000,10.00000,1.00000,4.00000,4.00000
2020-04-15,0.00000,10.00000,2.00000,3.00000,3.00000
2020-04-16,0.00000,7.00000,2.00000,2.00000,2.00000
2020-04-17,0.00000,7.00000,2.00000,4.00000,4.00000
2020-04-20,0.00000,5.00000,1.00000,4.00000,4.00000
2020-04-21,0.00000,9.00000,3.00000,3.00000,3.00000
2020-04-22,0.00000,12.00000,2.00000,4.00000,4.00000
2020-04-23,0.00000,12.00000,5.00000,1.80000,1.80000
2020-04-24,0.00000,10.00000,3.00000,2.33000,2.33000
2020-04-27,0.00000,9.00000,6.00000,3.16000,3.16000
2020-04-28,0.00000,7.00000,2.00000,4.00000,4.00000
2020-04-29,0.00000,7.00000,4.00000,3.25000,3.25000
2020-04-30,0.00000,8.00000,2.00000,2.00000,2.00000
2020-05-01,0.00000,6.00000,2.00000,2.00000,2.00000
2020-05-04,0.00000,8.00000,0.00000,0.00000,0.00000
2020-05-05,0.00000,11.00000,0.00000,0.00000,0.00000
2020-05-06,0.00000,8.00000,1.00000,1.00000,1.00000
2020-05-07,1.00000,8.00000,1.00000,5.00000,5.00000
2020-05-08,0.00000,8.00000,2.00000,2.50000,2.50000
2020-05-11,0.00000,6.00000,3.00000,4.33000,4.33000
2020-05-12,0.00000,8.00000,1.00000,4.00000,4.00000
2020-05-13,0.00000,9.00000,1.00000,5.00000,5.00000
2020-05-14,1.00000,8.00000,3.00000,2.66000,2.66000
2020-05-15,0.00000,9.00000,1.00000,3.00000,3.00000
2020-05-18,0.00000,8.00000,3.00000,3.00000,3.00000
2020-05-19,0.00000,8.00000,2.00000,4.00000,4.00000
2020-05-20,0.00000,10.00000,1.00000,5.00000,5.00000
2020-05-21,0.00000,7.00000,3.00000,1.33000,1.33000
2020-05-22,0.00000,8.00000,4.00000,2.75000,3.00000
2020-05-26,0.00000,8.00000,1.00000,5.00000,5.00000
2020-05-27,0.00000,9.00000,1.00000,5.00000,5.00000
2020-05-28,1.00000,10.00000,0.00000,0.00000,0.00000
2020-05-29,0.00000,10.00000,1.00000,1.00000,1.00000
2020-06-01,0.00000,7.00000,1.00000,5.00000,5.00000
2020-06-02,0.00000,6.00000,3.00000,3.33000,3.33000
2020-06-03,0.00000,6.00000,1.00000,1.00000,1.00000
2020-06-04,0.00000,7.00000,2.00000,2.50000,2.50000
2020-06-05,0.00000,9.00000,1.00000,2.00000,3.00000
2020-06-08,0.00000,10.00000,4.00000,2.25000,2.25000
2020-06-09,0.00000,9.00000,1.00000,4.00000,4.00000
2020-06-10,0.00000,9.00000,4.00000,3.50000,3.50000
2020-06-11,1.00000,6.00000,4.00000,2.50000,2.50000
2020-06-12,0.00000,7.00000,1.00000,3.00000,3.00000
2020-06-15,0.00000,13.00000,0.00000,0.00000,0.00000
2020-06-16,0.00000,13.00000,1.00000,1.00000,1.00000
2020-06-17,0.00000,13.00000,1.00000,3.00000,3.00000
2020-06-18,0.00000,13.00000,1.00000,2.00000,2.00000
2020-06-19,0.00000,10.00000,5.00000,3.20000,3.20000
2020-06-22,0.00000,12.00000,2.00000,4.00000,4.00000
2020-06-23,0.00000,14.00000,4.00000,2.00000,2.00000
2020-06-24,0.00000,12.00000,4.00000,2.50000,2.50000
2020-06-25,0.00000,7.00000,5.00000,3.00000,3.20000
2020-06-26,0.00000,10.00000,0.00000,0.00000,0.00000
2020-06-29,0.00000,8.00000,6.00000,3.50000,3.50000
2020-06-30,0.00000,11.00000,0.00000,0.00000,0.00000
2020-07-01,0.00000,9.00000,4.00000,2.50000,2.50000
2020-07-02,1.00000,8.00000,3.00000,3.00000,3.00000
2020-07-06,0.00000,11.00000,0.00000,0.00000,0.00000
2020-07-07,0.00000,14.00000,2.00000,3.50000,3.50000
2020-07-08,0.00000,12.00000,2.00000,4.50000,4.50000
2020-07-09,0.00000,13.00000,1.00000,2.00000,2.00000
2020-07-10,0.00000,10.00000,1.00000,3.00000,3.00000
2020-07-13,0.00000,9.00000,3.00000,3.66000,4.00000
2020-07-14,1.00000,8.00000,5.00000,1.80000,1.80000
2020-07-15,1.00000,13.00000,1.00000,1.00000,1.00000
2020-07-16,2.00000,10.00000,4.00000,2.50000,2.50000
2020-07-17,0.00000,10.00000,3.00000,2.66000,2.66000
2020-07-20,1.00000,7.00000,7.00000,3.28600,3.28600
2020-07-21,1.00000,11.00000,1.00000,5.00000,5.00000
2020-07-22,1.00000,12.00000,3.00000,2.33000,2.33000
2020-07-23,2.00000,12.00000,4.00000,2.00000,2.00000
2020-07-24,1.00000,9.00000,2.00000,3.00000,3.00000
2020-07-27,0.00000,10.00000,5.00000,4.00000,4.00000
2020-07-28,2.00000,12.00000,2.00000,2.50000,2.50000
2020-07-29,1.00000,11.00000,3.00000,2.00000,2.00000
2020-07-30,0.00000,9.00000,4.00000,2.50000,2.75000
2020-07-31,0.00000,9.00000,3.00000,3.66000,3.66000
2020-08-03,0.00000,11.00000,2.00000,3.50000,3.50000
2020-08-04,0.00000,11.00000,1.00000,5.00000,5.00000
2020-08-05,0.00000,12.00000,1.00000,3.00000,3.00000
2020-08-06,1.00000,11.00000,1.00000,3.00000,3.00000
2020-08-07,0.00000,12.00000,0.00000,0.00000,0.00000
2020-08-10,0.00000,15.00000,2.00000,3.00000,3.00000
2020-08-11,0.00000,12.00000,2.00000,4.00000,4.50000
2020-08-12,0.00000,12.00000,5.00000,3.00000,3.00000
2020-08-13,0.00000,10.00000,4.00000,2.25000,2.25000
2020-08-14,0.00000,8.00000,2.00000,3.50000,3.50000
2020-08-17,0.00000,10.00000,4.00000,3.50000,3.50000
2020-08-18,0.00000,11.00000,1.00000,4.00000,4.00000
2020-08-19,0.00000,12.00000,3.00000,3.33000,3.33000
2020-08-20,0.00000,11.00000,3.00000,4.00000,4.00000
2020-08-21,0.00000,9.00000,4.00000,3.25000,3.25000
2020-08-24,0.00000,12.00000,5.00000,2.20000,2.20000
2020-08-25,0.00000,14.00000,1.00000,3.00000,3.00000
2020-08-26,0.00000,14.00000,3.00000,2.00000,2.00000
2020-08-27,2.00000,13.00000,1.00000,5.00000,5.00000
2020-08-28,0.00000,12.00000,7.00000,4.00000,4.00000
2020-08-31,0.00000,13.00000,2.00000,3.00000,3.00000
2020-09-01,0.00000,16.00000,0.00000,0.00000,0.00000
2020-09-02,0.00000,17.00000,2.00000,4.50000,4.50000
2020-09-03,2.00000,13.00000,1.00000,2.00000,2.00000
2020-09-04,1.00000,11.00000,1.00000,4.00000,4.00000
2020-09-08,1.00000,13.00000,1.00000,2.00000,2.00000
2020-09-09,1.00000,16.00000,1.00000,1.00000,1.00000
2020-09-10,2.00000,16.00000,4.00000,4.00000,4.00000
2020-09-11,1.00000,14.00000,7.00000,4.43000,3.43000
2020-09-14,1.00000,12.00000,8.00000,3.37500,3.37500
2020-09-15,1.00000,11.00000,3.00000,4.33300,4.33300
2020-09-16,1.00000,13.00000,3.00000,4.00000,4.00000
2020-09-17,2.00000,9.00000,5.00000,3.60000,3.60000
2020-09-18,1.00000,10.00000,1.00000,2.00000,2.00000
2020-09-21,0.00000,11.00000,0.00000,0.00000,0.00000
2020-09-22,0.00000,14.00000,2.00000,3.50000,3.50000
2020-09-23,0.00000,13.00000,2.00000,1.50000,1.50000
2020-09-24,0.00000,11.00000,6.00000,3.66000,3.83000
2020-09-25,1.00000,10.00000,2.00000,2.50000,2.50000
2020-09-28,0.00000,8.00000,1.00000,3.00000,3.00000
2020-09-29,0.00000,14.00000,0.00000,0.00000,0.00000
2020-09-30,0.00000,13.00000,2.00000,2.00000,2.00000
2020-10-01,0.00000,14.00000,3.00000,4.00000,4.00000
2020-10-02,0.00000,12.00000,1.00000,2.00000,2.00000
2020-10-05,0.00000,15.00000,3.00000,6.33000,6.33000
2020-10-06,0.00000,13.00000,4.00000,5.25000,5.25000
2020-10-07,1.00000,16.00000,3.00000,2.33000,2.33000
2020-10-08,2.00000,15.00000,3.00000,3.66000,3.66000
2020-10-09,1.00000,13.00000,5.00000,3.40000,3.40000
2020-10-13,1.00000,16.00000,9.00000,5.22000,5.22000
2020-10-14,3.00000,14.00000,3.00000,2.66000,2.66000
2020-10-15,3.00000,13.00000,5.00000,4.20000,4.20000
2020-10-16,4.00000,14.00000,2.00000,3.50000,3.50000
2020-10-19,1.00000,15.00000,4.00000,3.00000,3.50000
2020-10-20,1.00000,17.00000,1.00000,7.00000,7.00000
2020-10-21,2.00000,16.00000,4.00000,5.75000,5.75000
2020-10-22,4.00000,14.00000,2.00000,5.00000,5.00000
2020-10-23,3.00000,16.00000,2.00000,6.50000,6.50000
2020-10-26,5.00000,16.00000,2.00000,4.50000,6.00000
2020-10-27,3.00000,18.00000,2.00000,5.00000,5.00000
2020-10-28,4.00000,15.00000,2.00000,11.00000,11.00000
2020-10-29,2.00000,16.00000,2.00000,4.00000,4.00000
2020-10-30,2.00000,14.00000,1.00000,7.00000,7.00000
2020-11-02,4.00000,15.00000,2.00000,4.50000,5.00000
2020-11-04,7.00000,14.00000,4.00000,4.50000,6.00000
2020-11-05,6.00000,13.00000,6.00000,6.67000,7.17000
2020-11-06,3.00000,13.00000,6.00000,4.50000,5.67000
2020-11-09,3.00000,12.00000,4.00000,4.25000,5.25000
2020-11-10,2.00000,14.00000,3.00000,5.33000,3.00000
2020-11-12,3.00000,16.00000,7.00000,5.57000,6.43000
2020-11-13,4.00000,16.00000,3.00000,3.33000,3.33000
2020-11-16,5.00000,16.00000,3.00000,5.30000,6.00000
2020-11-17,4.00000,17.00000,3.00000,4.60000,5.60000
2020-11-18,5.00000,16.00000,3.00000,4.30000,5.60000
2020-11-19,7.00000,13.00000,4.00000,4.25000,7.00000
2020-11-20,8.00000,15.00000,1.00000,3.00000,3.00000
2020-11-23,1.00000,19.00000,1.00000,7.00000,7.00000
2020-11-24,4.00000,17.00000,1.00000,5.00000,5.00000
2020-11-25,5.00000,16.00000,0.00000,0.00000,0.00000
2020-11-30,11.00000,15.00000,7.00000,5.14000,8.29000
2020-12-01,9.00000,19.00000,2.00000,11.00000,11.00000
2020-12-02,10.00000,17.00000,5.00000,7.00000,7.60000
2020-12-03,6.00000,16.00000,4.00000,5.25000,7.00000
2020-12-04,9.00000,16.00000,2.00000,8.00000,8.00000
2020-12-07,12.00000,17.00000,6.00000,5.83000,8.17000
2020-12-08,13.00000,15.00000,7.00000,5.71000,9.43000
2020-12-09,13.00000,16.00000,1.00000,6.00000,7.00000
2020-12-10,13.00000,14.00000,5.00000,4.20000,7.00000
2020-12-11,11.00000,15.00000,1.00000,8.00000,8.00000
2020-12-14,12.00000,17.00000,8.00000,5.63000,8.25000
2020-12-15,13.00000,16.00000,3.00000,6.00000,9.00000
2020-12-16,12.00000,17.00000,3.00000,9.30000,13.60000
2020-12-17,11.00000,17.00000,4.00000,4.50000,7.25000
2020-12-18,11.00000,15.00000,4.00000,3.25000,6.75000
2020-12-21,11.00000,15.00000,3.00000,7.33000,11.00000
2020-12-22,12.00000,15.00000,2.00000,6.00000,7.50000
2020-12-23,9.00000,15.00000,3.00000,5.33000,10.00000
2020-12-24,10.00000,17.00000,0.00000,0.00000,0.00000
2020-12-28,14.00000,15.00000,4.00000,5.75000,9.25000
2020-12-29,16.00000,16.00000,0.00000,0.00000,0.00000
2020-12-30,17.00000,17.00000,3.00000,7.33000,10.00000
2020-12-31,20.00000,17.00000,0.00000,0.00000,0.00000
2021-01-04,17.00000,17.00000,1.00000,12.00000,19.00000
2021-01-05,18.00000,14.00000,3.00000,7.33000,10.00000
2021-01-06,14.00000,16.00000,6.00000,6.33000,12.50000
2021-01-07,19.00000,14.00000,2.00000,1.50000,10.00000
2021-01-08,17.00000,15.00000,2.00000,8.00000,14.50000
2021-01-11,16.00000,12.00000,3.00000,3.33000,12.00000
2021-01-12,15.00000,15.00000,1.00000,3.00000,3.00000
2021-01-13,14.00000,12.00000,3.00000,7.33000,16.33000
2021-01-14,15.00000,12.00000,2.00000,7.00000,12.50000
2021-01-15,16.00000,12.00000,3.00000,3.00000,11.00000
2021-01-19,17.00000,16.00000,2.00000,9.00000,11.00000
2021-01-20,15.00000,18.00000,0.00000,0.00000,0.00000
2021-01-21,14.00000,15.00000,7.00000,5.00000,13.70000
2021-01-22,17.00000,15.00000,4.00000,5.25000,11.00000
2021-01-25,20.00000,15.00000,5.00000,10.00000,10.40000
2021-01-26,18.00000,14.00000,1.00000,10.00000,16.00000
2021-01-27,21.00000,14.00000,5.00000,5.00000,9.50000
2021-01-28,22.00000,14.00000,2.00000,7.50000,17.00000
2021-01-29,21.00000,17.00000,3.00000,4.66000,12.00000
2021-02-01,21.00000,15.00000,1.00000,6.00000,17.00000
2021-02-02,22.00000,14.00000,5.00000,4.00000,12.20000
2021-02-03,22.00000,14.00000,2.00000,6.00000,13.50000
2021-02-04,20.00000,17.00000,1.00000,6.00000,16.00000
2021-02-05,24.00000,17.00000,1.00000,8.00000,8.00000
2021-02-08,18.00000,17.00000,8.00000,6.00000,11.88000
2021-02-09,19.00000,15.00000,2.00000,6.50000,14.50000
2021-02-10,15.00000,16.00000,2.00000,2.50000,6.00000
2021-02-11,19.00000,14.00000,2.00000,5.00000,10.50000
2021-02-16,19.00000,15.00000,4.00000,7.25000,14.25000
2021-02-17,22.00000,15.00000,2.00000,9.00000,12.00000
2021-02-18,19.00000,15.00000,3.00000,3.33000,14.00000
2021-02-19,18.00000,17.00000,2.00000,3.00000,12.00000
2021-02-22,17.00000,17.00000,8.00000,5.50000,12.00000
2021-02-23,19.00000,16.00000,4.00000,3.25000,9.50000
2021-02-24,17.00000,16.00000,3.00000,8.00000,15.33000
2021-02-25,17.00000,15.00000,4.00000,3.75000,11.75000
2021-02-26,16.00000,14.00000,3.00000,5.00000,10.00000
2021-03-01,20.00000,16.00000,1.00000,8.00000,16.00000
2021-03-02,17.00000,18.00000,3.00000,5.33000,12.33000
2021-03-03,17.00000,15.00000,5.00000,7.20000,11.40000
2021-03-04,16.00000,16.00000,2.00000,7.00000,10.50000
2021-03-05,15.00000,15.00000,5.00000,5.60000,11.80000
2021-03-08,15.00000,13.00000,8.00000,6.25000,12.60000
2021-03-09,16.00000,16.00000,1.00000,2.00000,10.00000
2021-03-10,16.00000,16.00000,2.00000,5.50000,15.50000
2021-03-11,13.00000,16.00000,3.00000,5.66000,14.00000
2021-03-12,15.00000,15.00000,2.00000,6.00000,10.50000
2021-03-15,11.00000,15.00000,4.00000,6.50000,12.50000
2021-03-16,9.00000,17.00000,2.00000,2.50000,12.50000
2021-03-17,14.00000,16.00000,3.00000,6.66000,6.66000
2021-03-18,14.00000,17.00000,2.00000,9.50000,13.00000
2021-03-19,16.00000,14.00000,3.00000,6.33000,10.33000
2021-03-22,18.00000,16.00000,6.00000,7.33000,15.66000
2021-03-23,16.00000,18.00000,4.00000,5.00000,9.75000
2021-03-24,17.00000,17.00000,1.00000,7.00000,7.00000
2021-03-25,21.00000,16.00000,5.00000,4.40000,10.60000
2021-03-26,17.00000,14.00000,5.00000,5.40000,11.00000
2021-03-30,17.00000,17.00000,6.00000,4.66000,10.16000
2021-03-31,16.00000,16.00000,3.00000,3.00000,13.66000
2021-04-01,16.00000,15.00000,3.00000,5.00000,9.00000
2021-04-05,15.00000,14.00000,2.00000,5.00000,6.00000
2021-04-06,15.00000,14.00000,5.00000,5.00000,11.40000
2021-04-07,12.00000,15.00000,2.00000,4.50000,13.00000
2021-04-08,15.00000,16.00000,2.00000,2.50000,5.50000
2021-04-09,15.00000,16.00000,1.00000,3.00000,8.00000
2021-04-12,12.00000,17.00000,7.00000,6.00000,12.43000
2021-04-13,13.00000,17.00000,2.00000,4.50000,7.50000
2021-04-14,11.00000,17.00000,2.00000,6.00000,15.00000
2021-04-15,9.00000,16.00000,4.00000,7.75000,11.25000
2021-04-16,9.00000,16.00000,2.00000,6.00000,13.50000
2021-04-19,7.00000,16.00000,3.00000,9.00000,9.66000
2021-04-20,9.00000,15.00000,2.00000,5.00000,10.50000
2021-04-21,8.00000,14.00000,4.00000,5.50000,15.75000
2021-04-22,9.00000,13.00000,3.00000,6.33000,7.33000
2021-04-23,8.00000,15.00000,1.00000,7.00000,15.00000
2021-04-26,9.00000,17.00000,10.00000,5.30000,9.60000
2021-04-27,10.00000,17.00000,4.00000,6.25000,8.50000
2021-04-28,8.00000,16.00000,4.00000,4.50000,11.50000
2021-04-29,6.00000,15.00000,5.00000,3.60000,4.20000
2021-04-30,6.00000,16.00000,1.00000,3.00000,3.00000
2021-05-03,11.00000,13.00000,9.00000,5.89000,9.89000
2021-05-04,11.00000,13.00000,2.00000,6.50000,14.00000
2021-05-05,11.00000,14.00000,2.00000,7.00000,10.50000
2021-05-06,11.00000,17.00000,1.00000,8.00000,10.00000
2021-05-07,12.00000,17.00000,3.00000,7.33000,11.00000
2021-05-10,12.00000,15.00000,7.00000,4.50000,7.00000
2021-05-11,12.00000,16.00000,3.00000,8.00000,10.33000
2021-05-12,11.00000,16.00000,3.00000,4.67000,7.33000
2021-05-13,10.00000,17.00000,2.00000,7.00000,7.00000
2021-05-14,10.00000,17.00000,2.00000,2.66000,9.33000
2021-05-17,9.00000,17.00000,8.00000,5.26000,9.87000
2021-05-18,6.00000,16.00000,3.00000,7.67000,11.67000
2021-05-19,7.00000,16.00000,5.00000,4.40000,9.80000
2021-05-20,9.00000,17.00000,2.00000,4.50000,5.50000
2021-05-21,9.00000,17.00000,1.00000,1.00000,2.00000
2021-05-24,12.00000,16.00000,10.00000,4.50000,6.60000
2021-05-25,11.00000,17.00000,5.00000,6.40000,11.60000
2021-05-26,10.00000,16.00000,4.00000,7.00000,8.00000
2021-05-27,10.00000,16.00000,3.00000,3.33000,4.33000
2021-06-01,7.00000,14.00000,5.00000,4.80000,8.20000
2021-06-02,7.00000,11.00000,4.00000,5.75000,8.50000
2021-06-03,7.00000,11.00000,1.00000,9.00000,12.00000
2021-06-04,7.00000,14.00000,2.00000,7.00000,15.50000
2021-06-07,10.00000,16.00000,4.00000,6.50000,13.50000
2021-06-08,9.00000,10.00000,4.00000,5.25000,7.25000
2021-06-09,10.00000,16.00000,2.00000,3.00000,5.00000
2021-06-10,5.00000,15.00000,5.00000,4.20000,7.40000
2021-06-11,6.00000,15.00000,3.00000,6.67000,7.00000
2021-06-14,6.00000,16.00000,8.00000,5.25000,8.13000
2021-06-15,7.00000,15.00000,3.00000,2.66000,4.33000
2021-06-16,9.00000,14.00000,2.00000,4.50000,9.00000
2021-06-17,7.00000,17.00000,2.00000,6.50000,9.00000
2021-06-18,7.00000,15.00000,3.00000,4.67000,9.00000
2021-06-21,11.00000,14.00000,2.00000,8.50000,10.50000
2021-06-22,9.00000,17.00000,3.00000,3.00000,8.33000
2021-06-23,7.00000,18.00000,3.00000,3.33000,8.00000
2021-06-24,5.00000,15.00000,4.00000,4.00000,5.75000
2021-06-25,8.00000,15.00000,1.00000,3.00000,3.00000
2021-06-28,6.00000,16.00000,7.00000,5.14000,8.43000
2021-06-29,7.00000,14.00000,3.00000,7.33000,10.67000
2021-06-30,7.00000,14.00000,1.00000,3.00000,3.00000
2021-07-01,10.00000,14.00000,3.00000,7.00000,9.33000
2021-07-02,9.00000,14.00000,4.00000,7.75000,12.25000
2021-07-06,9.00000,18.00000,5.00000,6.20000,7.60000
2021-07-07,9.00000,18.00000,3.00000,8.30000,13.66000
2021-07-08,9.00000,16.00000,4.00000,3.75000,6.33000
2021-07-09,9.00000,15.00000,2.00000,6.00000,8.50000
2021-07-12,11.00000,16.00000,6.00000,7.17000,12.83000
2021-07-13,11.00000,16.00000,4.00000,5.75000,8.75000
2021-07-14,9.00000,18.00000,1.00000,4.00000,9.00000
2021-07-15,11.00000,17.00000,2.00000,6.50000,8.00000
2021-07-16,12.00000,17.00000,1.00000,6.00000,6.00000
2021-07-19,9.00000,16.00000,10.00000,6.20000,10.40000
2021-07-20,13.00000,16.00000,2.00000,7.00000,8.00000
2021-07-21,15.00000,18.00000,0.00000,0.00000,0.00000
2021-07-22,18.00000,16.00000,2.00000,5.00000,6.50000
2021-07-23,18.00000,14.00000,4.00000,3.50000,4.60000
2021-07-26,13.00000,19.00000,8.00000,6.87000,10.75000
2021-07-27,17.00000,17.00000,3.00000,4.66000,8.33000
2021-07-28,15.00000,17.00000,3.00000,5.33000,8.00000
2021-07-29,17.00000,16.00000,1.00000,5.00000,9.00000
2021-07-30,17.00000,16.00000,1.00000,8.00000,15.00000
2021-08-02,19.00000,17.00000,4.00000,7.50000,14.50000
2021-08-03,16.00000,15.00000,7.00000,7.86000,9.71000
2021-08-04,20.00000,15.00000,0.00000,0.00000,0.00000
2021-08-05,20.00000,16.00000,3.00000,3.33000,10.33000
2021-08-06,18.00000,19.00000,1.00000,9.00000,16.00000
2021-08-09,19.00000,16.00000,9.00000,5.11000,9.33000
2021-08-10,19.00000,17.00000,1.00000,4.00000,10.00000
2021-08-11,21.00000,17.00000,2.00000,5.00000,10.50000
2021-08-12,22.00000,17.00000,3.00000,9.33000,17.33000
2021-08-13,23.00000,15.00000,1.00000,10.00000,15.00000
2021-08-16,23.00000,18.00000,8.00000,6.25000,13.87000
2021-08-17,22.00000,18.00000,1.00000,12.00000,12.00000
2021-08-18,20.00000,19.00000,1.00000,2.00000,9.00000
2021-08-19,22.00000,16.00000,5.00000,5.80000,12.20000
2021-08-20,23.00000,17.00000,2.00000,7.00000,19.00000
2021-08-23,23.00000,15.00000,10.00000,6.50000,13.40000
2021-08-24,24.00000,18.00000,1.00000,9.00000,12.00000
2021-08-25,26.00000,16.00000,3.00000,4.66000,15.00000
2021-08-26,25.00000,17.00000,1.00000,4.00000,14.00000
2021-08-27,26.00000,16.00000,3.00000,5.30000,16.00000
2021-08-30,24.00000,18.00000,6.00000,7.67000,15.50000
2021-08-31,23.00000,18.00000,3.00000,5.67000,15.00000
2021-09-01,21.00000,19.00000,3.00000,5.33000,15.00000
2021-09-02,21.00000,17.00000,5.00000,8.20000,15.60000
2021-09-03,19.00000,18.00000,2.00000,7.50000,16.50000
2021-09-07,20.00000,19.00000,6.00000,6.50000,12.00000
2021-09-08,20.00000,18.00000,4.00000,8.25000,19.75000
2021-09-09,19.00000,18.00000,2.00000,7.50000,14.00000
2021-09-10,23.00000,17.00000,2.00000,7.50000,18.50000
2021-09-13,21.00000,18.00000,10.00000,6.00000,15.80000
2021-09-14,25.00000,19.00000,1.00000,12.00000,21.00000
2021-09-15,27.00000,18.00000,3.00000,6.66000,13.66000
2021-09-16,29.00000,17.00000,2.00000,5.00000,17.50000
2021-09-17,28.00000,17.00000,2.00000,6.00000,11.50000
2021-09-20,37.00000,16.00000,8.00000,6.50000,15.13000
2021-09-21,35.00000,18.00000,3.00000,9.33000,15.67000
2021-09-22,33.00000,19.00000,3.00000,6.00000,15.33000
2021-09-23,31.00000,17.00000,5.00000,5.00000,14.40000
2021-09-24,28.00000,19.00000,1.00000,5.00000,20.00000
2021-09-27,34.00000,18.00000,5.00000,7.20000,19.00000
2021-09-28,30.00000,18.00000,4.00000,6.50000,20.00000
2021-09-29,32.00000,18.00000,5.00000,8.40000,13.60000
2021-09-30,31.00000,14.00000,5.00000,6.60000,17.40000
2021-10-01,28.00000,16.00000,3.00000,4.00000,13.66000
2021-10-04,27.00000,18.00000,3.00000,9.33000,18.33000
2021-10-05,28.00000,17.00000,2.00000,9.00000,13.50000
2021-10-06,29.00000,18.00000,2.00000,3.50000,19.50000
2021-10-07,25.00000,19.00000,7.00000,5.43000,17.00000
2021-10-08,26.00000,18.00000,1.00000,9.00000,25.00000
2021-10-12,27.00000,16.00000,11.00000,6.36000,15.91000
2021-10-13,27.00000,18.00000,0.00000,0.00000,0.00000
2021-10-14,29.00000,16.00000,5.00000,4.80000,10.20000
2021-10-15,29.00000,16.00000,3.00000,6.33000,15.33000
2021-10-18,33.00000,15.00000,6.00000,9.50000,17.50000
2021-10-19,36.00000,18.00000,2.00000,4.50000,14.50000
2021-10-20,37.00000,19.00000,0.00000,0.00000,0.00000
2021-10-21,42.00000,17.00000,2.00000,8.50000,23.00000
2021-10-22,39.00000,17.00000,4.00000,8.50000,21.50000
2021-10-25,38.00000,16.00000,9.00000,8.00000,17.66000
2021-10-26,38.00000,17.00000,0.00000,0.00000,0.00000
2021-10-27,40.00000,18.00000,2.00000,8.00000,21.00000
2021-10-28,38.00000,17.00000,3.00000,7.66000,19.66000
2021-10-29,37.00000,15.00000,4.00000,3.50000,15.50000
2021-11-01,32.00000,18.00000,8.00000,8.75000,18.38000
2021-11-02,33.00000,17.00000,1.00000,4.00000,7.00000
2021-11-03,32.00000,16.00000,3.00000,8.00000,31.00000
2021-11-04,29.00000,19.00000,3.00000,5.33000,11.00000
2021-11-05,33.00000,16.00000,3.00000,8.00000,14.30000
2021-11-08,40.00000,15.00000,5.00000,5.80000,16.60000
2021-11-09,37.00000,17.00000,0.00000,0.00000,0.00000
2021-11-10,42.00000,17.00000,2.00000,10.50000,25.50000
2021-11-12,38.00000,14.00000,8.00000,5.75000,14.25000
2021-11-15,34.00000,17.00000,5.00000,10.40000,32.20000
2021-11-16,40.00000,17.00000,1.00000,10.00000,32.00000
2021-11-17,36.00000,18.00000,4.00000,9.00000,15.75000
2021-11-18,33.00000,17.00000,5.00000,2.20000,16.40000
2021-11-19,29.00000,18.00000,4.00000,5.75000,31.00000
2021-11-22,26.00000,18.00000,8.00000,6.62500,16.37500
2021-11-23,26.00000,17.00000,1.00000,2.00000,33.00000
2021-11-24,23.00000,19.00000,1.00000,8.00000,34.00000
2021-11-29,18.00000,14.00000,11.00000,7.00000,24.90000
2021-11-30,17.00000,16.00000,1.00000,2.00000,3.00000
2021-12-01,11.00000,18.00000,4.00000,8.25000,28.50000
2021-12-02,12.00000,17.00000,2.00000,6.00000,6.00000
2021-12-03,12.00000,16.00000,1.00000,14.00000,23.00000
2021-12-06,9.00000,16.00000,7.00000,7.42000,23.28000
2021-12-07,9.00000,17.00000,1.00000,7.00000,24.00000
2021-12-08,5.00000,18.00000,3.00000,7.66000,18.66000
2021-12-09,4.00000,19.00000,2.00000,5.50000,6.00000
2021-12-10,5.00000,17.00000,2.00000,8.00000,31.00000
2021-12-13,8.00000,13.00000,9.00000,7.11000,24.33000
2021-12-14,7.00000,22.00000,1.00000,4.00000,4.00000
2021-12-15,7.00000,17.00000,1.00000,1.00000,1.00000
2021-12-16,3.00000,17.00000,6.00000,10.00000,14.00000
2021-12-17,5.00000,18.00000,3.00000,8.00000,24.60000
2021-12-20,6.00000,16.00000,3.00000,5.30000,16.00000
2021-12-21,7.00000,16.00000,3.00000,5.30000,5.60000
2021-12-22,6.00000,15.00000,2.00000,8.00000,8.00000
2021-12-23,3.00000,17.00000,3.00000,9.00000,18.66000
2021-12-27,6.00000,16.00000,5.00000,8.40000,9.00000
2021-12-28,4.00000,16.00000,3.00000,8.00000,30.00000
2021-12-29,2.00000,17.00000,4.00000,6.50000,7.25000
2021-12-30,3.00000,15.00000,2.00000,5.00000,36.50000
2022-01-03,4.00000,17.00000,5.00000,9.00000,12.00000
2022-01-04,5.00000,16.00000,2.00000,11.50000,13.50000
2022-01-05,4.00000,18.00000,2.00000,11.00000,11.00000
2022-01-06,4.00000,19.00000,0.00000,0.00000,0.00000
2022-01-07,2.00000,17.00000,4.00000,7.00000,32.00000
2022-01-10,6.00000,14.00000,9.00000,6.88000,10.22000
2022-01-11,5.00000,18.00000,3.00000,4.66000,4.66000
2022-01-12,4.00000,17.00000,1.00000,9.00000,9.00000
2022-01-13,3.00000,18.00000,1.00000,3.00000,3.00000
2022-01-14,11.00000,16.00000,2.00000,5.00000,5.00000
2022-01-18,5.00000,17.00000,3.00000,8.60000,8.60000
2022-01-19,4.00000,18.00000,2.00000,4.00000,10.00000
2022-01-20,4.00000,16.00000,2.00000,8.00000,8.00000
2022-01-21,4.00000,15.00000,4.00000,8.50000,8.70000
2022-01-24,6.00000,15.00000,6.00000,7.50000,10.33000
2022-01-25,4.00000,15.00000,3.00000,4.00000,4.00000
2022-01-26,3.00000,15.00000,2.00000,5.50000,5.50000
2022-01-27,1.00000,15.00000,2.00000,3.00000,10.00000
2022-01-28,1.00000,19.00000,0.00000,0.00000,0.00000
2022-01-31,0.00000,16.00000,12.00000,6.00000,6.50000
2022-02-01,0.00000,16.00000,3.00000,10.66000,11.00000
2022-02-02,1.00000,17.00000,4.00000,4.75000,9.00000
2022-02-03,0.00000,16.00000,3.00000,2.33000,3.66000
2022-02-04,0.00000,16.00000,3.00000,5.00000,5.66000
2022-02-07,2.00000,18.00000,5.00000,5.00000,5.60000
2022-02-08,1.00000,15.00000,4.00000,5.75000,5.75000
2022-02-09,1.00000,18.00000,2.00000,3.50000,4.50000
2022-02-10,2.00000,17.00000,3.00000,7.33000,7.33000
2022-02-11,2.00000,15.00000,6.00000,5.83000,5.83000
2022-02-14,2.00000,16.00000,7.00000,5.85000,6.57000
2022-02-15,3.00000,17.00000,0.00000,0.00000,0.00000
2022-02-16,5.00000,17.00000,3.00000,8.00000,8.33000
2022-02-17,3.00000,19.00000,4.00000,5.50000,5.50000
2022-02-18,4.00000,17.00000,2.00000,3.50000,7.50000
2022-02-22,4.00000,14.00000,12.00000,6.75000,7.25000
2022-02-23,4.00000,18.00000,1.00000,6.00000,6.00000
2022-02-24,3.00000,15.00000,6.00000,4.00000,4.00000
2022-02-25,4.00000,16.00000,1.00000,6.00000,6.00000
2022-02-28,2.00000,14.00000,10.00000,5.30000,5.30000
2022-03-01,3.00000,14.00000,0.00000,0.00000,0.00000
2022-03-02,1.00000,14.00000,3.00000,6.30000,7.30000
2022-03-03,2.00000,14.00000,3.00000,4.30000,4.30000
2022-03-04,1.00000,18.00000,4.00000,5.50000,5.50000
2022-03-07,1.00000,15.00000,8.00000,6.37500,6.37500
2022-03-08,3.00000,13.00000,2.00000,3.00000,3.00000
2022-03-09,2.00000,13.00000,2.00000,3.00000,3.00000
2022-03-10,3.00000,14.00000,1.00000,5.00000,5.00000
2022-03-11,1.00000,13.00000,7.00000,6.71000,8.28000
2022-03-14,2.00000,13.00000,7.00000,5.70000,7.50000
2022-03-15,3.00000,13.00000,3.00000,4.00000,4.00000
2022-03-16,2.00000,14.00000,0.00000,0.00000,0.00000
2022-03-17,1.00000,15.00000,1.00000,4.00000,4.00000
2022-03-18,2.00000,13.00000,5.00000,6.00000,6.00000
2022-03-21,1.00000,14.00000,8.00000,5.87500,6.37500
2022-03-22,2.00000,14.00000,4.00000,6.25000,6.25000
2022-03-23,2.00000,15.00000,2.00000,4.00000,4.50000
2022-03-24,1.00000,15.00000,4.00000,4.75000,4.75000
2022-03-25,2.00000,15.00000,1.00000,5.00000,5.00000
2022-03-29,3.00000,16.00000,7.00000,5.71400,5.85700
2022-03-30,1.00000,17.00000,1.00000,8.00000,8.00000
2022-03-31,2.00000,18.00000,3.00000,6.00000,8.00000
2022-04-01,2.00000,16.00000,4.00000,5.50000,5.50000
2022-04-04,1.00000,13.00000,10.00000,6.80000,7.50000
2022-04-05,3.00000,14.00000,2.00000,9.00000,11.00000
2022-04-06,2.00000,14.00000,2.00000,2.00000,2.00000
2022-04-07,2.00000,14.00000,2.00000,7.00000,7.00000
2022-04-08,2.00000,15.00000,1.00000,5.00000,5.00000
2022-04-11,2.00000,14.00000,6.00000,6.83000,7.33000
2022-04-12,1.00000,16.00000,1.00000,8.00000,8.00000
2022-04-13,2.00000,18.00000,1.00000,7.00000,7.00000
2022-04-14,1.00000,18.00000,5.00000,4.00000,5.40000
2022-04-15,3.00000,16.00000,3.00000,7.00000,7.00000
2022-04-18,4.00000,16.00000,5.00000,6.20000,6.60000
2022-04-19,3.00000,17.00000,0.00000,0.00000,0.00000
2022-04-20,2.00000,16.00000,6.00000,9.00000,9.00000
2022-04-21,2.00000,17.00000,2.00000,10.00000,10.00000
2022-04-22,2.00000,15.00000,2.00000,5.50000,10.00000
2022-04-25,1.00000,16.00000,7.00000,8.86000,8.86000
2022-04-26,2.00000,15.00000,2.00000,5.50000,5.50000
2022-04-27,2.00000,14.00000,2.00000,8.00000,8.00000
2022-04-28,3.00000,14.00000,4.00000,8.75000,8.75000
2022-04-29,0.00000,15.00000,5.00000,4.60000,4.80000
2022-05-02,0.00000,15.00000,6.00000,4.33000,6.50000
2022-05-03,0.00000,17.00000,2.00000,9.00000,9.50000
2022-05-04,0.00000,17.00000,3.00000,6.66000,6.66000
2022-05-05,0.00000,16.00000,2.00000,8.00000,8.00000
2022-05-06,1.00000,15.00000,2.00000,4.50000,5.50000
2022-05-09,1.00000,12.00000,7.00000,7.00000,7.14000
2022-05-10,1.00000,15.00000,1.00000,6.00000,6.00000
2022-05-11,0.00000,16.00000,3.00000,6.67000,6.67000
2022-05-12,0.00000,16.00000,5.00000,7.00000,7.40000
2022-05-13,0.00000,13.00000,3.00000,4.67000,4.67000
2022-05-16,1.00000,15.00000,5.00000,4.80000,4.80000
2022-05-17,4.00000,15.00000,0.00000,0.00000,0.00000
2022-05-18,3.00000,15.00000,4.00000,7.75000,7.75000
2022-05-19,3.00000,14.00000,3.00000,7.60000,7.60000
2022-05-20,1.00000,12.00000,4.00000,5.50000,5.50000
2022-05-23,1.00000,14.00000,5.00000,4.60000,4.60000
2022-05-24,0.00000,15.00000,4.00000,6.50000,7.60000
2022-05-25,0.00000,16.00000,4.00000,5.75000,6.00000
2022-05-26,0.00000,16.00000,1.00000,6.00000,6.00000
2022-05-27,0.00000,13.00000,4.00000,3.25000,4.00000
2022-05-31,0.00000,15.00000,9.00000,5.66000,5.66000
2022-06-01,0.00000,15.00000,2.00000,5.00000,5.00000
2022-06-02,0.00000,15.00000,2.00000,3.00000,3.00000
2022-06-03,1.00000,14.00000,3.00000,7.00000,7.00000
2022-06-06,1.00000,14.00000,5.00000,5.40000,5.40000
2022-06-07,0.00000,14.00000,3.00000,5.00000,5.00000
2022-06-08,1.00000,13.00000,4.00000,3.50000,3.50000
2022-06-09,0.00000,15.00000,4.00000,5.20000,5.20000
2022-06-10,1.00000,16.00000,2.00000,5.50000,5.50000
2022-06-13,0.00000,14.00000,6.00000,5.16000,5.16000
2022-06-14,1.00000,17.00000,1.00000,6.00000,6.00000
2022-06-15,0.00000,15.00000,5.00000,4.80000,4.80000
2022-06-16,2.00000,16.00000,3.00000,7.00000,7.00000
2022-06-17,2.00000,15.00000,7.00000,4.70000,5.10000
2022-06-21,4.00000,15.00000,3.00000,5.66000,6.33000
2022-06-22,2.00000,16.00000,4.00000,7.00000,7.00000
2022-06-23,2.00000,17.00000,3.00000,6.00000,6.00000
2022-06-24,0.00000,16.00000,5.00000,5.40000,5.80000
2022-06-27,1.00000,13.00000,9.00000,4.78000,6.55000
2022-06-28,1.00000,13.00000,3.00000,7.33000,7.33000
2022-06-29,1.00000,14.00000,2.00000,3.50000,3.50000
2022-06-30,1.00000,14.00000,1.00000,2.00000,2.00000
2022-07-01,0.00000,12.00000,2.00000,5.50000,5.50000
2022-07-05,0.00000,13.00000,11.00000,5.80000,6.00000
2022-07-06,0.00000,15.00000,0.00000,0.00000,0.00000
2022-07-07,1.00000,14.00000,3.00000,6.60000,6.60000
2022-07-08,1.00000,16.00000,1.00000,5.00000,5.00000
2022-07-11,1.00000,13.00000,9.00000,5.44000,6.55000
2022-07-12,1.00000,15.00000,1.00000,2.00000,2.00000
2022-07-13,2.00000,17.00000,1.00000,10.00000,10.00000
2022-07-14,2.00000,18.00000,0.00000,0.00000,0.00000
2022-07-15,2.00000,16.00000,4.00000,4.75000,4.75000
2022-07-18,1.00000,15.00000,9.00000,7.88000,7.89000
2022-07-19,2.00000,16.00000,1.00000,5.00000,5.00000
2022-07-20,1.00000,17.00000,3.00000,10.33000,10.33000
2022-07-21,0.00000,17.00000,1.00000,4.00000,7.00000
2022-07-22,0.00000,16.00000,5.00000,4.20000,4.80000
2022-07-25,0.00000,13.00000,11.00000,5.73000,6.36000
2022-07-26,0.00000,13.00000,2.00000,5.50000,5.50000
2022-07-27,1.00000,13.00000,1.00000,3.00000,3.00000
2022-07-28,2.00000,12.00000,4.00000,5.50000,5.50000
2022-07-29,2.00000,13.00000,5.00000,6.00000,6.40000
2022-08-01,1.00000,14.00000,5.00000,4.80000,4.80000
2022-08-02,1.00000,14.00000,1.00000,5.00000,5.00000
2022-08-03,1.00000,16.00000,3.00000,5.66000,5.66000
2022-08-04,1.00000,13.00000,4.00000,3.25000,3.25000
2022-08-05,1.00000,14.00000,0.00000,0.00000,0.00000
2022-08-08,0.00000,12.00000,8.00000,8.88000,9.00000
2022-08-09,0.00000,16.00000,2.00000,6.60000,6.50000
2022-08-10,0.00000,14.00000,4.00000,3.75000,5.25000
2022-08-11,0.00000,14.00000,1.00000,4.00000,4.00000
2022-08-12,1.00000,14.00000,2.00000,7.50000,7.50000
2022-08-15,0.00000,12.00000,6.00000,4.30000,4.30000
2022-08-16,0.00000,16.00000,2.00000,7.50000,7.50000
2022-08-17,0.00000,15.00000,2.00000,8.00000,8.00000
2022-08-18,0.00000,15.00000,3.00000,11.00000,11.00000
2022-08-19,0.00000,12.00000,3.00000,4.00000,4.00000
2022-08-22,0.00000,11.00000,6.00000,6.50000,6.50000
2022-08-23,0.00000,12.00000,1.00000,8.00000,8.00000
2022-08-24,0.00000,10.00000,4.00000,4.75000,4.75000
2022-08-25,0.00000,11.00000,1.00000,4.00000,4.00000
2022-08-26,0.00000,13.00000,1.00000,1.00000,1.00000
2022-08-29,0.00000,13.00000,8.00000,5.50000,5.50000
2022-08-30,0.00000,12.00000,2.00000,10.50000,10.50000
2022-08-31,0.00000,11.00000,4.00000,4.00000,4.00000
2022-09-01,0.00000,13.00000,0.00000,0.00000,0.00000
2022-09-02,0.00000,11.00000,2.00000,3.00000,3.00000
2022-09-06,0.00000,11.00000,6.00000,6.83300,6.83300
2022-09-07,0.00000,11.00000,2.00000,4.00000,4.00000
2022-09-08,1.00000,12.00000,2.00000,5.50000,5.50000
2022-09-09,0.00000,10.00000,4.00000,6.00000,6.00000
2022-09-12,0.00000,11.00000,7.00000,5.00000,5.00000
2022-09-13,0.00000,13.00000,1.00000,5.00000,5.00000
2022-09-14,1.00000,14.00000,1.00000,9.00000,9.00000
2022-09-15,1.00000,10.00000,6.00000,5.83000,5.83000
2022-09-16,0.00000,10.00000,2.00000,2.50000,2.50000
2022-09-19,0.00000,6.00000,6.00000,3.83000,4.16000
2022-09-20,0.00000,9.00000,1.00000,8.00000,8.00000
2022-09-21,0.00000,12.00000,0.00000,0.00000,0.00000
2022-09-22,0.00000,12.00000,2.00000,5.00000,5.00000
2022-09-23,0.00000,11.00000,1.00000,3.00000,3.00000
2022-09-26,1.00000,12.00000,8.00000,3.75000,3.75000
2022-09-27,1.00000,11.00000,4.00000,5.50000,5.50000
2022-09-28,0.00000,11.00000,3.00000,8.50000,8.50000
2022-09-29,0.00000,11.00000,3.00000,3.00000,3.00000
2022-09-30,0.00000,9.00000,3.00000,4.33000,4.33000
2022-10-03,0.00000,8.00000,4.00000,3.50000,3.50000
2022-10-04,0.00000,6.00000,3.00000,5.00000,5.00000
2022-10-05,0.00000,7.00000,3.00000,4.00000,4.00000
2022-10-06,0.00000,10.00000,0.00000,0.00000,0.00000
2022-10-07,0.00000,11.00000,1.00000,9.00000,9.00000
2022-10-11,0.00000,12.00000,9.00000,4.67000,4.67000
2022-10-12,0.00000,15.00000,0.00000,0.00000,0.00000
2022-10-13,0.00000,14.00000,3.00000,2.00000,2.00000
2022-10-14,1.00000,14.00000,1.00000,6.00000,6.00000
2022-10-17,0.00000,9.00000,11.00000,4.63000,4.63000
2022-10-18,1.00000,10.00000,2.00000,5.00000,5.00000
2022-10-19,0.00000,10.00000,1.00000,3.00000,3.00000
2022-10-20,0.00000,10.00000,1.00000,3.00000,3.00000
2022-10-21,1.00000,11.00000,1.00000,3.00000,3.00000
2022-10-24,1.00000,8.00000,9.00000,5.77000,6.00000
2022-10-25,1.00000,7.00000,2.00000,4.50000,4.50000
2022-10-26,1.00000,8.00000,1.00000,3.00000,3.00000
2022-10-27,0.00000,10.00000,2.00000,5.00000,5.50000
2022-10-28,0.00000,10.00000,1.00000,1.00000,1.00000
2022-10-31,1.00000,8.00000,6.00000,5.00000,5.00000
2022-11-01,1.00000,8.00000,1.00000,5.00000,5.00000
2022-11-02,0.00000,8.00000,3.00000,4.60000,4.60000
2022-11-03,0.00000,7.00000,2.00000,5.00000,5.00000
2022-11-04,0.00000,10.00000,1.00000,2.00000,2.00000
2022-11-07,0.00000,7.00000,7.00000,3.00000,3.00000
2022-11-08,0.00000,6.00000,3.00000,4.00000,4.00000
2022-11-09,0.00000,8.00000,1.00000,2.00000,2.00000
2022-11-10,0.00000,6.00000,2.00000,5.50000,5.50000
2022-11-14,1.00000,12.00000,4.00000,4.25000,4.25000
2022-11-15,2.00000,11.00000,3.00000,3.00000,4.67000
2022-11-16,1.00000,9.00000,5.00000,3.00000,3.00000
2022-11-17,1.00000,10.00000,0.00000,0.00000,0.00000
2022-11-18,0.00000,8.00000,5.00000,3.80000,3.80000
2022-11-21,1.00000,10.00000,5.00000,4.60000,5.00000
2022-11-22,0.00000,11.00000,2.00000,2.50000,2.50000
2022-11-23,1.00000,10.00000,3.00000,2.00000,2.00000
2022-11-28,1.00000,9.00000,9.00000,4.89000,4.89000
2022-11-29,0.00000,7.00000,5.00000,3.60000,3.60000
2022-11-30,0.00000,6.00000,4.00000,2.50000,2.50000
2022-12-01,0.00000,5.00000,2.00000,4.50000,4.50000
2022-12-02,0.00000,8.00000,0.00000,0.00000,0.00000
2022-12-05,0.00000,11.00000,7.00000,3.42000,3.42000
2022-12-06,0.00000,12.00000,1.00000,1.00000,1.00000
2022-12-07,0.00000,10.00000,4.00000,3.00000,3.00000
2022-12-08,0.00000,11.00000,1.00000,5.00000,5.00000
2022-12-09,0.00000,11.00000,2.00000,3.00000,3.00000
2022-12-12,0.00000,11.00000,7.00000,3.86000,3.86000
2022-12-13,0.00000,10.00000,4.00000,5.25000,5.25000
2022-12-14,1.00000,7.00000,5.00000,2.80000,2.80000
2022-12-15,0.00000,8.00000,3.00000,4.00000,4.33000
2022-12-16,1.00000,5.00000,1.00000,5.00000,5.00000
2022-12-19,0.00000,9.00000,5.00000,3.20000,3.20000
2022-12-20,0.00000,12.00000,0.00000,0.00000,0.00000
2022-12-21,0.00000,10.00000,4.00000,2.75000,2.75000
2022-12-22,1.00000,8.00000,2.00000,4.00000,4.00000
2022-12-23,0.00000,4.00000,5.00000,3.60000,3.60000
2022-12-27,0.00000,14.00000,1.00000,6.00000,6.00000
2022-12-28,0.00000,16.00000,0.00000,0.00000,0.00000
2022-12-29,0.00000,13.00000,7.00000,4.57000,4.57000
2022-12-30,0.00000,9.00000,4.00000,2.00000,2.00000
2023-01-03,0.00000,14.00000,6.00000,4.83000,4.83000
2023-01-04,2.00000,12.00000,1.00000,5.00000,5.00000
2023-01-05,3.00000,11.00000,1.00000,6.00000,6.00000
2023-01-06,3.00000,9.00000,4.00000,5.75000,5.75000
2023-01-09,0.00000,9.00000,7.00000,3.57000,4.42000
2023-01-10,0.00000,13.00000,1.00000,4.00000,4.00000
2023-01-11,1.00000,11.00000,3.00000,6.30000,6.30000
2023-01-12,1.00000,8.00000,5.00000,4.80000,4.80000
2023-01-13,0.00000,9.00000,1.00000,1.00000,3.00000
2023-01-17,0.00000,9.00000,5.00000,4.40000,4.40000
2023-01-18,0.00000,10.00000,2.00000,3.00000,3.00000
2023-01-19,0.00000,9.00000,2.00000,4.50000,4.50000
2023-01-20,0.00000,9.00000,2.00000,4.50000,4.50000
2023-01-23,0.00000,12.00000,7.00000,3.85700,4.14200
2023-01-24,1.00000,10.00000,3.00000,5.33000,5.33000
2023-01-25,0.00000,11.00000,2.00000,3.50000,3.50000
2023-01-26,0.00000,14.00000,2.00000,5.00000,5.00000
2023-01-27,0.00000,13.00000,4.00000,2.25000,2.25000
2023-01-30,0.00000,8.00000,8.00000,3.50000,3.60000
2023-01-31,0.00000,9.00000,3.00000,5.00000,5.00000
2023-02-01,0.00000,11.00000,0.00000,0.00000,0.00000
2023-02-02,0.00000,10.00000,3.00000,4.30000,4.30000
2023-02-03,1.00000,12.00000,1.00000,2.00000,2.00000
2023-02-06,0.00000,9.00000,6.00000,4.67000,4.67000
2023-02-07,0.00000,9.00000,5.00000,5.20000,5.20000
2023-02-08,1.00000,8.00000,2.00000,3.00000,3.00000
2023-02-09,0.00000,8.00000,5.00000,3.40000,3.40000
2023-02-10,0.00000,9.00000,2.00000,3.00000,3.00000
2023-02-13,2.00000,8.00000,5.00000,3.00000,3.00000
2023-02-14,2.00000,8.00000,1.00000,3.00000,3.00000
2023-02-15,0.00000,6.00000,5.00000,4.60000,4.60000
2023-02-16,0.00000,7.00000,1.00000,2.00000,2.00000
2023-02-17,0.00000,7.00000,2.00000,2.00000,2.00000
2023-02-21,0.00000,8.00000,5.00000,4.80000,4.80000
2023-02-22,1.00000,7.00000,1.00000,7.00000,7.00000
2023-02-23,1.00000,7.00000,2.00000,5.00000,6.00000
2023-02-24,0.00000,5.00000,4.00000,2.25000,2.25000
2023-02-27,0.00000,6.00000,2.00000,3.50000,3.50000
2023-02-28,0.00000,7.00000,1.00000,8.00000,8.00000
2023-03-01,0.00000,6.00000,2.00000,2.50000,2.50000
2023-03-02,0.00000,4.00000,3.00000,2.33000,2.33000
2023-03-03,0.00000,4.00000,1.00000,13.00000,13.00000
2023-03-06,0.00000,10.00000,4.00000,4.00000,4.00000
2023-03-07,1.00000,8.00000,1.00000,2.00000,2.00000
2023-03-08,0.00000,8.00000,3.00000,2.30000,2.60000
2023-03-09,0.00000,7.00000,4.00000,3.00000,3.00000
2023-03-10,0.00000,7.00000,2.00000,4.00000,4.00000
2023-03-13,0.00000,11.00000,3.00000,4.00000,4.00000
2023-03-14,0.00000,8.00000,3.00000,4.66000,4.66000
2023-03-15,0.00000,5.00000,4.00000,3.50000,3.50000
2023-03-16,0.00000,6.00000,1.00000,1.00000,1.00000
2023-03-17,0.00000,7.00000,1.00000,3.00000,3.00000
2023-03-20,1.00000,12.00000,4.00000,4.25000,4.25000
2023-03-21,0.00000,10.00000,3.00000,2.60000,2.60000
2023-03-22,0.00000,9.00000,3.00000,4.60000,4.60000
2023-03-23,0.00000,5.00000,4.00000,2.75000,2.75000
2023-03-24,0.00000,5.00000,2.00000,2.50000,2.50000
2023-03-28,0.00000,6.00000,3.00000,6.33000,6.33000
2023-03-29,0.00000,8.00000,2.00000,3.00000,3.00000
2023-03-30,2.00000,8.00000,3.00000,4.33000,4.33000
2023-03-31,1.00000,7.00000,1.00000,2.00000,2.00000
2023-04-03,0.00000,11.00000,4.00000,4.25000,4.25000
2023-04-04,0.00000,10.00000,3.00000,3.00000,3.00000
2023-04-05,1.00000,8.00000,2.00000,3.00000,3.00000
2023-04-06,0.00000,7.00000,4.00000,3.00000,3.00000
2023-04-07,0.00000,9.00000,1.00000,3.00000,3.00000
2023-04-10,1.00000,13.00000,2.00000,7.50000,7.50000
2023-04-11,2.00000,14.00000,1.00000,5.00000,5.00000
2023-04-12,1.00000,11.00000,6.00000,3.00000,3.00000
2023-04-13,1.00000,11.00000,5.00000,6.20000,6.20000
2023-04-14,1.00000,12.00000,2.00000,3.00000,3.00000
2023-04-17,1.00000,9.00000,8.00000,4.50000,4.50000
2023-04-18,1.00000,9.00000,2.00000,6.00000,6.00000
2023-04-19,1.00000,10.00000,3.00000,4.30000,4.30000
2023-04-20,0.00000,10.00000,3.00000,4.30000,4.30000
2023-04-21,1.00000,8.00000,5.00000,4.60000,5.20000
2023-04-24,0.00000,8.00000,3.00000,3.33000,3.33000
2023-04-25,1.00000,9.00000,1.00000,4.00000,4.00000
2023-04-26,1.00000,8.00000,3.00000,3.66000,4.33000
2023-04-27,0.00000,6.00000,5.00000,3.40000,3.40000
2023-04-28,0.00000,7.00000,3.00000,5.33000,5.33000
2023-05-01,1.00000,8.00000,3.00000,2.00000,2.00000
2023-05-02,1.00000,12.00000,2.00000,3.50000,3.50000
2023-05-03,0.00000,10.00000,5.00000,2.40000,2.40000
2023-05-04,1.00000,9.00000,2.00000,3.50000,3.50000
2023-05-05,0.00000,9.00000,3.00000,2.70000,2.70000
2023-05-08,0.00000,10.00000,7.00000,3.42000,3.42000
2023-05-09,0.00000,12.00000,0.00000,0.00000,0.00000
2023-05-10,1.00000,7.00000,5.00000,4.00000,4.00000
2023-05-11,0.00000,8.00000,3.00000,4.30000,4.30000
2023-05-12,0.00000,7.00000,3.00000,3.66000,3.66000
2023-05-15,0.00000,7.00000,6.00000,3.50000,3.50000
2023-05-16,0.00000,8.00000,2.00000,2.50000,2.50000
2023-05-17,0.00000,8.00000,2.00000,1.50000,2.00000
2023-05-18,0.00000,7.00000,4.00000,3.25000,3.25000
2023-05-19,0.00000,8.00000,0.00000,0.00000,0.00000
2023-05-22,0.00000,10.00000,5.00000,4.40000,4.40000
2023-05-23,1.00000,8.00000,5.00000,3.20000,3.20000
2023-05-24,0.00000,5.00000,5.00000,2.20000,2.20000
2023-05-25,0.00000,7.00000,2.00000,2.50000,2.50000
2023-05-26,2.00000,8.00000,1.00000,6.00000,6.00000
2023-05-30,0.00000,11.00000,7.00000,3.14000,3.14000
2023-05-31,1.00000,7.00000,5.00000,3.80000,3.80000
2023-06-01,0.00000,8.00000,2.00000,3.00000,3.00000
2023-06-02,0.00000,9.00000,1.00000,2.00000,2.00000
2023-06-05,0.00000,12.00000,3.00000,4.30000,4.30000
2023-06-06,1.00000,14.00000,0.00000,0.00000,0.00000
2023-06-07,2.00000,14.00000,1.00000,2.00000,2.00000
2023-06-08,2.00000,11.00000,7.00000,4.90000,5.00000
2023-06-09,0.00000,13.00000,3.00000,8.00000,8.00000
2023-06-12,1.00000,11.00000,5.00000,4.20000,4.60000
2023-06-13,1.00000,13.00000,4.00000,4.75000,4.75000
2023-06-14,0.00000,13.00000,4.00000,5.50000,5.50000
2023-06-15,3.00000,12.00000,2.00000,3.50000,3.50000
2023-06-16,1.00000,10.00000,6.00000,3.50000,3.60000
2023-06-20,2.00000,8.00000,6.00000,5.00000,5.83000
2023-06-21,2.00000,13.00000,2.00000,3.00000,3.50000
2023-06-22,2.00000,13.00000,2.00000,5.50000,5.50000
2023-06-23,1.00000,12.00000,5.00000,3.00000,3.00000
2023-06-26,1.00000,7.00000,8.00000,3.38000,3.38000
2023-06-27,0.00000,9.00000,1.00000,8.00000,10.00000
2023-06-28,0.00000,11.00000,3.00000,4.00000,4.00000
2023-06-29,0.00000,12.00000,3.00000,3.60000,3.60000
2023-06-30,1.00000,13.00000,3.00000,1.30000,1.30000
2023-07-03,0.00000,10.00000,8.00000,4.00000,4.00000
2023-07-05,0.00000,8.00000,7.00000,3.57000,3.71000
2023-07-06,0.00000,13.00000,0.00000,0.00000,0.00000
2023-07-07,0.00000,11.00000,3.00000,3.66000,3.66000
2023-07-10,0.00000,10.00000,6.00000,4.33000,4.66000
2023-07-11,1.00000,13.00000,1.00000,5.00000,5.00000
2023-07-12,0.00000,11.00000,4.00000,4.25000,4.25000
2023-07-13,0.00000,12.00000,2.00000,3.00000,3.00000
2023-07-14,0.00000,7.00000,6.00000,4.00000,4.00000
2023-07-17,0.00000,8.00000,2.00000,1.50000,1.50000
2023-07-18,0.00000,10.00000,3.00000,6.00000,6.00000
2023-07-19,0.00000,8.00000,3.00000,2.66000,2.66000
2023-07-20,1.00000,6.00000,3.00000,3.33000,3.33000
2023-07-21,0.00000,8.00000,4.00000,3.25000,3.50000
2023-07-24,0.00000,10.00000,4.00000,3.50000,3.50000
2023-07-25,0.00000,10.00000,3.00000,3.67000,3.67000
2023-07-26,0.00000,11.00000,1.00000,5.00000,5.00000
2023-07-27,0.00000,10.00000,3.00000,2.33000,2.33000
2023-07-28,0.00000,9.00000,2.00000,4.00000,4.00000
2023-07-31,1.00000,7.00000,7.00000,4.00000,4.14000
2023-08-01,1.00000,7.00000,2.00000,6.00000,6.00000
2023-08-02,0.00000,8.00000,1.00000,4.00000,4.00000
2023-08-03,2.00000,4.00000,4.00000,2.75000,3.50000
2023-08-04,0.00000,10.00000,1.00000,3.00000,3.00000
2023-08-07,0.00000,11.00000,7.00000,3.42000,3.42000
2023-08-08,2.00000,11.00000,1.00000,1.00000,1.00000
2023-08-09,1.00000,10.00000,5.00000,4.60000,4.80000
2023-08-10,0.00000,11.00000,1.00000,1.00000,1.00000
2023-08-11,2.00000,10.00000,3.00000,4.60000,4.60000
2023-08-14,1.00000,8.00000,7.00000,4.14000,4.14000
2023-08-15,0.00000,10.00000,3.00000,3.00000,3.00000
2023-08-16,0.00000,7.00000,3.00000,4.30000,4.30000
2023-08-17,0.00000,8.00000,1.00000,7.00000,7.00000
2023-08-18,0.00000,10.00000,2.00000,5.00000,5.00000
2023-08-21,0.00000,11.00000,6.00000,3.33000,3.33000
2023-08-22,0.00000,11.00000,1.00000,3.00000,3.00000
2023-08-23,0.00000,12.00000,4.00000,3.75000,3.75000
2023-08-24,0.00000,9.00000,3.00000,2.33000,2.33000
2023-08-25,1.00000,11.00000,1.00000,2.00000,2.00000
2023-08-28,0.00000,10.00000,7.00000,5.42000,5.57000
2023-08-29,1.00000,10.00000,3.00000,4.33000,4.33000
2023-08-30,0.00000,9.00000,3.00000,2.66000,2.66000
2023-08-31,0.00000,8.00000,3.00000,4.33000,4.33000
2023-09-01,0.00000,8.00000,2.00000,2.00000,2.00000
2023-09-05,0.00000,8.00000,4.00000,6.75000,6.75000
2023-09-06,1.00000,11.00000,0.00000,0.00000,0.00000
2023-09-07,0.00000,13.00000,4.00000,5.25000,5.25000
2023-09-08,0.00000,14.00000,3.00000,2.00000,2.60000
2023-09-11,2.00000,11.00000,8.00000,4.25000,4.25000
2023-09-12,0.00000,15.00000,3.00000,5.30000,6.30000
2023-09-13,0.00000,12.00000,4.00000,3.25000,3.25000
2023-09-14,1.00000,8.00000,4.00000,2.25000,2.75000
2023-09-15,0.00000,8.00000,3.00000,3.66000,3.66000
2023-09-18,0.00000,9.00000,4.00000,3.25000,3.25000
2023-09-19,0.00000,7.00000,5.00000,3.40000,3.40000
2023-09-20,0.00000,9.00000,3.00000,5.66000,5.66000
2023-09-21,0.00000,6.00000,6.00000,2.00000,2.00000
2023-09-22,0.00000,8.00000,1.00000,2.00000,2.00000
2023-09-25,0.00000,8.00000,4.00000,3.25000,3.25000
2023-09-26,0.00000,11.00000,1.00000,4.00000,4.00000
2023-09-27,0.00000,11.00000,3.00000,4.33000,4.33000
2023-09-28,0.00000,10.00000,3.00000,2.00000,2.33000
2023-09-29,0.00000,8.00000,4.00000,4.00000,4.00000
2023-10-02,0.00000,7.00000,7.00000,4.00000,4.00000
2023-10-03,0.00000,9.00000,1.00000,1.00000,1.00000
2023-10-04,0.00000,12.00000,1.00000,4.00000,4.00000
2023-10-05,0.00000,11.00000,3.00000,4.30000,4.30000
2023-10-06,0.00000,10.00000,2.00000,5.50000,5.50000
2023-10-10,2.00000,9.00000,9.00000,4.11000,4.22000
2023-10-11,1.00000,13.00000,0.00000,0.00000,0.00000
2023-10-12,0.00000,10.00000,4.00000,5.00000,5.00000
2023-10-13,0.00000,9.00000,2.00000,4.50000,4.50000
2023-10-16,2.00000,6.00000,6.00000,4.66000,4.66000
2023-10-17,2.00000,9.00000,1.00000,3.00000,3.00000
2023-10-18,1.00000,12.00000,1.00000,3.00000,3.00000
2023-10-19,1.00000,10.00000,3.00000,3.30000,3.30000
2023-10-20,1.00000,9.00000,4.00000,4.50000,6.00000
2023-10-23,1.00000,6.00000,8.00000,4.12500,4.12500
2023-10-24,1.00000,6.00000,2.00000,3.00000,3.00000
2023-10-25,0.00000,6.00000,3.00000,3.67000,3.67000
2023-10-26,0.00000,8.00000,1.00000,1.00000,3.00000
2023-10-27,0.00000,5.00000,3.00000,4.67000,4.67000
2023-10-30,0.00000,5.00000,3.00000,4.00000,4.00000
2023-10-31,1.00000,7.00000,2.00000,3.00000,3.00000
2023-11-01,1.00000,10.00000,1.00000,4.00000,4.00000
2023-11-02,2.00000,9.00000,2.00000,1.00000,1.00000
2023-11-03,0.00000,10.00000,3.00000,1.60000,2.30000
2023-11-06,0.00000,5.00000,8.00000,3.80000,3.80000
2023-11-07,1.00000,9.00000,0.00000,0.00000,0.00000
2023-11-08,0.00000,11.00000,3.00000,5.30000,5.30000
2023-11-09,0.00000,8.00000,3.00000,2.33000,2.33000
2023-11-13,0.00000,7.00000,5.00000,3.60000,3.60000
2023-11-14,1.00000,10.00000,3.00000,5.00000,5.00000
2023-11-15,0.00000,11.00000,3.00000,3.67000,3.67000
2023-11-16,0.00000,10.00000,2.00000,2.00000,3.00000
2023-11-17,0.00000,9.00000,1.00000,4.00000,4.00000
2023-11-20,0.00000,8.00000,6.00000,4.16000,4.16000
2023-11-21,0.00000,10.00000,4.00000,4.25000,4.25000
2023-11-22,0.00000,11.00000,1.00000,1.00000,1.00000
2023-11-27,1.00000,9.00000,9.00000,4.11000,4.11000
2023-11-28,2.00000,8.00000,3.00000,5.00000,5.00000
2023-11-29,2.00000,8.00000,3.00000,6.30000,6.30000
2023-11-30,1.00000,9.00000,4.00000,3.00000,3.25000
2023-12-01,1.00000,7.00000,2.00000,3.00000,3.00000
2023-12-04,0.00000,8.00000,6.00000,4.67000,4.67000
2023-12-05,0.00000,12.00000,2.00000,4.00000,4.00000
2023-12-06,0.00000,11.00000,3.00000,2.00000,2.00000
2023-12-07,0.00000,10.00000,3.00000,3.00000,3.00000
2023-12-08,0.00000,6.00000,4.00000,3.25000,3.25000
2023-12-11,0.00000,6.00000,6.00000,4.66000,4.66000
2023-12-12,0.00000,6.00000,0.00000,0.00000,0.00000
2023-12-13,0.00000,8.00000,5.00000,2.40000,2.40000
2023-12-14,1.00000,11.00000,0.00000,0.00000,0.00000
2023-12-15,1.00000,6.00000,4.00000,4.00000,4.00000
2023-12-18,0.00000,8.00000,6.00000,4.16000,4.16000
2023-12-19,1.00000,11.00000,3.00000,2.30000,2.30000
2023-12-20,1.00000,11.00000,3.00000,2.00000,3.00000
2023-12-21,1.00000,10.00000,1.00000,2.00000,2.00000
2023-12-22,0.00000,7.00000,4.00000,4.25000,4.25000
2023-12-26,0.00000,10.00000,6.00000,4.33000,5.00000
2023-12-27,0.00000,13.00000,0.00000,0.00000,0.00000
2023-12-28,0.00000,11.00000,3.00000,2.67000,2.67000
2023-12-29,1.00000,12.00000,2.00000,7.00000,7.00000
2024-01-02,0.00000,4.00000,11.00000,4.00000,4.18000
2024-01-03,0.00000,4.00000,2.00000,2.50000,2.50000
2024-01-04,0.00000,9.00000,0.00000,0.00000,0.00000
2024-01-05,0.00000,9.00000,1.00000,8.00000,8.00000
2024-01-08,0.00000,8.00000,7.00000,3.28000,3.28000
2024-01-09,0.00000,13.00000,3.00000,3.00000,3.00000
2024-01-10,0.00000,13.00000,1.00000,1.00000,1.00000
2024-01-11,0.00000,12.00000,3.00000,2.33000,2.33000
2024-01-12,1.00000,10.00000,3.00000,3.60000,3.60000
2024-01-16,0.00000,8.00000,10.00000,4.80000,4.80000
2024-01-17,1.00000,13.00000,0.00000,0.00000,0.00000
2024-01-18,0.00000,11.00000,4.00000,3.25000,3.25000
2024-01-19,2.00000,9.00000,2.00000,3.50000,3.50000
2024-01-22,0.00000,7.00000,8.00000,3.87500,4.00000
2024-01-23,0.00000,11.00000,3.00000,4.60000,4.60000
2024-01-24,1.00000,11.00000,4.00000,3.75000,3.75000
2024-01-25,0.00000,13.00000,1.00000,1.00000,1.00000
2024-01-26,1.00000,13.00000,1.00000,4.00000,4.00000
2024-01-29,1.00000,9.00000,7.00000,3.57000,3.57000
2024-01-30,1.00000,9.00000,4.00000,4.50000,4.50000
2024-01-31,2.00000,8.00000,4.00000,3.50000,3.50000
2024-02-01,2.00000,8.00000,3.00000,3.00000,3.00000
2024-02-02,2.00000,9.00000,0.00000,0.00000,0.00000
2024-02-05,1.00000,9.00000,7.00000,3.71000,4.14000
2024-02-06,1.00000,13.00000,4.00000,3.25000,3.25000
2024-02-07,0.00000,12.00000,5.00000,3.80000,5.40000
2024-02-08,0.00000,10.00000,2.00000,3.00000,3.00000
2024-02-09,0.00000,10.00000,3.00000,4.00000,4.00000
2024-02-12,0.00000,10.00000,5.00000,4.20000,4.20000
2024-02-13,0.00000,9.00000,2.00000,6.00000,6.00000
2024-02-14,1.00000,8.00000,1.00000,9.00000,9.00000
2024-02-15,1.00000,8.00000,3.00000,4.00000,4.60000
2024-02-16,1.00000,11.00000,1.00000,1.00000,1.00000
2024-02-20,0.00000,11.00000,2.00000,5.50000,5.50000
2024-02-21,0.00000,11.00000,4.00000,4.25000,4.25000
2024-02-22,0.00000,12.00000,1.00000,1.00000,1.00000
2024-02-23,0.00000,12.00000,4.00000,4.50000,4.50000
2024-02-26,0.00000,11.00000,6.00000,5.16000,5.16000
2024-02-27,0.00000,11.00000,4.00000,4.25000,6.00000
2024-02-28,0.00000,9.00000,4.00000,4.75000,4.75000
2024-02-29,0.00000,5.00000,5.00000,3.60000,3.60000
2024-03-01,0.00000,8.00000,0.00000,0.00000,0.00000
2024-03-04,1.00000,10.00000,4.00000,3.50000,3.50000
2024-03-05,1.00000,11.00000,2.00000,3.50000,3.50000
2024-03-06,0.00000,10.00000,3.00000,4.00000,4.00000
2024-03-07,0.00000,9.00000,1.00000,4.00000,4.00000
2024-03-08,0.00000,5.00000,5.00000,5.20000,5.20000
2024-03-11,0.00000,9.00000,4.00000,3.75000,3.75000
2024-03-12,0.00000,8.00000,4.00000,2.75000,2.75000
2024-03-13,0.00000,9.00000,1.00000,1.00000,1.00000
2024-03-14,0.00000,9.00000,1.00000,2.00000,3.00000
2024-03-15,0.00000,6.00000,6.00000,3.83000,3.83000
2024-03-18,1.00000,7.00000,4.00000,3.75000,3.75000
2024-03-19,1.00000,7.00000,2.00000,4.00000,4.00000
2024-03-20,0.00000,9.00000,3.00000,3.60000,3.60000
2024-03-21,1.00000,6.00000,3.00000,3.30000,3.30000
2024-03-22,0.00000,5.00000,3.00000,2.30000,2.30000
2024-03-26,1.00000,7.00000,4.00000,4.75000,4.75000
2024-03-27,1.00000,11.00000,1.00000,3.00000,3.00000
2024-03-28,0.00000,10.00000,2.00000,5.00000,5.00000
2024-03-29,0.00000,11.00000,2.00000,2.50000,2.50000
2024-04-01,0.00000,7.00000,10.00000,3.10000,3.10000
2024-04-02,1.00000,9.00000,2.00000,1.50000,1.50000
2024-04-03,0.00000,11.00000,2.00000,4.50000,4.50000
2024-04-04,0.00000,13.00000,2.00000,2.00000,2.50000
2024-04-05,0.00000,13.00000,2.00000,3.50000,3.50000
2024-04-08,1.00000,6.00000,9.00000,4.50000,4.50000
2024-04-09,1.00000,9.00000,0.00000,0.00000,0.00000
2024-04-10,0.00000,8.00000,5.00000,3.80000,3.80000
2024-04-11,1.00000,7.00000,3.00000,4.00000,4.00000
2024-04-12,1.00000,8.00000,3.00000,3.00000,3.00000
2024-04-15,1.00000,7.00000,6.00000,2.83000,3.00000
2024-04-16,1.00000,8.00000,2.00000,2.00000,2.00000
2024-04-17,0.00000,9.00000,2.00000,3.50000,3.50000
2024-04-18,0.00000,13.00000,1.00000,5.00000,5.00000
2024-04-19,0.00000,8.00000,4.00000,3.75000,3.75000
2024-04-22,0.00000,6.00000,9.00000,3.30000,3.40000
2024-04-23,1.00000,7.00000,1.00000,4.00000,4.00000
2024-04-24,0.00000,10.00000,0.00000,0.00000,0.00000
2024-04-25,0.00000,10.00000,3.00000,4.30000,4.30000
2024-04-26,0.00000,8.00000,3.00000,3.66000,3.66000
2024-04-29,1.00000,9.00000,6.00000,3.16000,3.33000
2024-04-30,1.00000,5.00000,5.00000,3.00000,3.00000
2024-05-01,0.00000,10.00000,1.00000,4.00000,4.00000
2024-05-02,0.00000,12.00000,2.00000,2.00000,3.50000
2024-05-03,0.00000,12.00000,3.00000,2.60000,3.30000
2024-05-06,0.00000,8.00000,9.00000,4.00000,4.00000
2024-05-07,0.00000,7.00000,3.00000,3.30000,3.30000
2024-05-08,0.00000,9.00000,3.00000,3.30000,3.30000
2024-05-09,0.00000,11.00000,1.00000,1.00000,1.00000
2024-05-10,0.00000,10.00000,4.00000,2.25000,2.25000
2024-05-13,1.00000,9.00000,7.00000,3.71000,3.71000
2024-05-14,1.00000,10.00000,2.00000,2.00000,2.00000
2024-05-15,0.00000,11.00000,2.00000,3.50000,4.50000
2024-05-16,1.00000,10.00000,4.00000,3.25000,3.75000
2024-05-17,0.00000,8.00000,4.00000,3.50000,3.50000
2024-05-20,0.00000,6.00000,6.00000,4.30000,4.30000
2024-05-21,0.00000,8.00000,3.00000,3.33000,3.33000
2024-05-22,0.00000,9.00000,2.00000,1.50000,1.50000
2024-05-23,0.00000,9.00000,3.00000,3.30000,3.30000
2024-05-24,0.00000,7.00000,1.00000,2.00000,2.00000
2024-05-28,1.00000,8.00000,7.00000,4.28000,4.28000
2024-05-29,0.00000,12.00000,1.00000,3.00000,3.00000
2024-05-30,1.00000,11.00000,2.00000,2.00000,4.00000
2024-05-31,0.00000,8.00000,5.00000,3.60000,3.60000
2024-06-03,1.00000,7.00000,7.00000,3.85000,3.85000
2024-06-04,1.00000,9.00000,2.00000,3.00000,3.00000
2024-06-05,0.00000,10.00000,0.00000,0.00000,0.00000
2024-06-06,0.00000,8.00000,4.00000,4.00000,4.00000
2024-06-07,0.00000,9.00000,4.00000,3.50000,3.50000
2024-06-10,0.00000,8.00000,6.00000,3.50000,3.50000
2024-06-11,1.00000,7.00000,2.00000,4.00000,4.00000
2024-06-12,0.00000,10.00000,3.00000,4.66000,4.66000
2024-06-13,0.00000,10.00000,2.00000,1.50000,2.50000
2024-06-14,0.00000,12.00000,3.00000,2.70000,2.70000
2024-06-17,2.00000,10.00000,8.00000,3.75000,3.75000
2024-06-18,1.00000,11.00000,2.00000,4.50000,4.50000
2024-06-20,0.00000,11.00000,4.00000,2.75000,2.75000
2024-06-21,0.00000,8.00000,4.00000,4.00000,4.00000
2024-06-24,1.00000,8.00000,7.00000,4.71000,4.74000
2024-06-25,1.00000,8.00000,2.00000,5.00000,5.00000
2024-06-26,0.00000,8.00000,3.00000,2.66000,2.66000
2024-06-27,1.00000,7.00000,2.00000,3.50000,4.50000
2024-06-28,1.00000,6.00000,2.00000,2.00000,2.00000
2024-07-01,1.00000,7.00000,6.00000,4.00000,4.00000
2024-07-02,2.00000,10.00000,0.00000,0.00000,0.00000
2024-07-03,2.00000,13.00000,2.00000,4.50000,4.50000
2024-07-05,0.00000,5.00000,10.00000,3.10000,3.90000
2024-07-08,1.00000,9.00000,4.00000,4.75000,4.75000
2024-07-09,1.00000,13.00000,1.00000,7.00000,7.00000
2024-07-10,0.00000,13.00000,2.00000,2.50000,2.50000
2024-07-11,0.00000,11.00000,2.00000,1.50000,3.00000
2024-07-12,0.00000,11.00000,4.00000,4.25000,4.25000
2024-07-15,2.00000,7.00000,7.00000,5.42000,5.42000
2024-07-16,0.00000,11.00000,2.00000,4.50000,4.50000
2024-07-17,0.00000,13.00000,2.00000,1.50000,1.50000
2024-07-18,0.00000,11.00000,6.00000,4.00000,4.00000
2024-07-19,0.00000,12.00000,1.00000,2.00000,2.00000
2024-07-22,0.00000,9.00000,6.00000,5.16000,5.16000
2024-07-23,0.00000,11.00000,5.00000,4.00000,4.00000
2024-07-24,0.00000,14.00000,1.00000,2.00000,2.00000
2024-07-25,0.00000,14.00000,2.00000,1.50000,1.50000
2024-07-26,0.00000,12.00000,4.00000,5.75000,5.75000
2024-07-29,1.00000,11.00000,9.00000,4.22000,4.22000
2024-07-30,1.00000,12.00000,3.00000,4.00000,4.00000
2024-07-31,0.00000,14.00000,1.00000,4.00000,4.00000
2024-08-01,0.00000,11.00000,5.00000,3.80000,3.80000
2024-08-02,2.00000,12.00000,2.00000,5.00000,5.00000
2024-08-05,1.00000,10.00000,9.00000,5.22000,5.22000
2024-08-06,0.00000,12.00000,2.00000,1.00000,1.00000
2024-08-07,1.00000,10.00000,2.00000,4.25000,4.25000
2024-08-08,0.00000,8.00000,4.00000,2.75000,2.75000
2024-08-09,0.00000,11.00000,0.00000,0.00000,0.00000
2024-08-12,1.00000,7.00000,10.00000,4.30000,4.70000
2024-08-13,2.00000,9.00000,2.00000,4.00000,4.00000
2024-08-14,1.00000,10.00000,2.00000,4.00000,4.00000
2024-08-15,2.00000,12.00000,3.00000,3.66000,3.66000
2024-08-16,1.00000,13.00000,1.00000,1.00000,1.00000
2024-08-19,2.00000,11.00000,8.00000,4.87000,4.87000
2024-08-20,1.00000,15.00000,2.00000,6.00000,6.00000
2024-08-21,0.00000,14.00000,5.00000,4.00000,4.00000
2024-08-22,0.00000,12.00000,4.00000,5.00000,5.00000
2024-08-23,2.00000,13.00000,2.00000,4.00000,4.00000
2024-08-26,1.00000,14.00000,6.00000,3.66000,3.66000
2024-08-27,1.00000,13.00000,3.00000,5.30000,5.30000
2024-08-28,1.00000,10.00000,6.00000,5.66000,5.66000
2024-08-29,0.00000,11.00000,3.00000,4.33000,4.33000
2024-08-30,0.00000,10.00000,4.00000,3.75000,3.75000
2024-09-03,1.00000,13.00000,1.00000,5.00000,5.00000
2024-09-04,0.00000,15.00000,1.00000,5.00000,5.00000
2024-09-05,0.00000,14.00000,5.00000,5.40000,5.40000
2024-09-06,0.00000,15.00000,2.00000,5.00000,5.00000
2024-09-09,2.00000,12.00000,9.00000,4.50000,4.50000
2024-09-10,2.00000,13.00000,5.00000,5.20000,5.20000
2024-09-11,1.00000,14.00000,1.00000,5.00000,5.00000
2024-09-12,0.00000,15.00000,3.00000,3.66000,3.66000
2024-09-13,0.00000,14.00000,3.00000,4.66000,4.66000
2024-09-16,1.00000,12.00000,10.00000,4.50000,4.50000
2024-09-17,2.00000,15.00000,5.00000,3.40000,3.40000
2024-09-18,1.00000,14.00000,3.00000,5.00000,5.00000
2024-09-19,0.00000,15.00000,3.00000,3.00000,3.00000
2024-09-20,0.00000,13.00000,3.00000,2.33000,2.33000
2024-09-23,1.00000,10.00000,9.00000,5.44000,5.44000
2024-09-24,1.00000,10.00000,4.00000,4.50000,4.50000
2024-09-25,1.00000,13.00000,1.00000,5.00000,5.00000
2024-09-26,2.00000,12.00000,3.00000,4.00000,4.00000
2024-09-27,0.00000,12.00000,3.00000,3.00000,3.00000
2024-09-30,1.00000,10.00000,7.00000,4.57000,5.28000
2024-10-01,0.00000,9.00000,3.00000,5.66000,5.66000
2024-10-02,0.00000,10.00000,2.00000,5.50000,5.50000
2024-10-03,0.00000,13.00000,1.00000,2.00000,2.00000
2024-10-04,1.00000,11.00000,3.00000,4.66000,4.66000
2024-10-07,1.00000,10.00000,7.00000,4.00000,4.00000
2024-10-08,1.00000,12.00000,3.00000,3.33000,3.33000
2024-10-09,0.00000,12.00000,5.00000,3.80000,3.80000
2024-10-10,0.00000,7.00000,6.00000,2.50000,2.83000
2024-10-11,0.00000,9.00000,0.00000,0.00000,0.00000
2024-10-15,1.00000,11.00000,9.00000,4.55000,4.55000
2024-10-16,0.00000,11.00000,3.00000,2.00000,2.00000
2024-10-17,0.00000,10.00000,3.00000,3.66000,3.66000
2024-10-18,0.00000,13.00000,3.00000,3.00000,3.00000
2024-10-21,0.00000,8.00000,8.00000,4.00000,4.00000
2024-10-22,1.00000,9.00000,2.00000,5.00000,5.00000
2024-10-23,1.00000,11.00000,2.00000,4.50000,4.50000
2024-10-24,2.00000,11.00000,1.00000,5.00000,5.00000
2024-10-25,1.00000,12.00000,3.00000,3.00000,3.00000
2024-10-28,0.00000,9.00000,9.00000,3.88000,3.88000
2024-10-29,0.00000,10.00000,2.00000,4.50000,4.50000
2024-10-30,0.00000,11.00000,0.00000,0.00000,0.00000
2024-10-31,0.00000,9.00000,6.00000,3.83000,3.83000
2024-11-01,0.00000,5.00000,5.00000,2.80000,2.80000
2024-11-04,0.00000,8.00000,2.00000,5.50000,5.50000
2024-11-05,1.00000,11.00000,2.00000,5.00000,5.00000
2024-11-06,1.00000,10.00000,3.00000,2.33000,2.33000
2024-11-07,0.00000,12.00000,3.00000,4.00000,4.00000
2024-11-08,0.00000,13.00000,4.00000,2.50000,2.50000
2024-11-12,0.00000,13.00000,9.00000,3.55000,3.55000
2024-11-13,1.00000,12.00000,3.00000,5.33000,5.33000
2024-11-14,3.00000,10.00000,2.00000,5.00000,5.00000
2024-11-15,1.00000,9.00000,3.00000,5.66000,5.66000
2024-11-18,0.00000,8.00000,7.00000,4.57000,4.57000
2024-11-19,0.00000,12.00000,1.00000,6.00000,6.00000
2024-11-20,1.00000,14.00000,2.00000,6.00000,6.00000
2024-11-21,1.00000,13.00000,4.00000,2.00000,2.00000
2024-11-22,0.00000,12.00000,6.00000,2.83000,3.00000
2024-11-25,0.00000,10.00000,8.00000,4.25000,4.25000
2024-11-26,0.00000,13.00000,2.00000,5.50000,5.50000
2024-11-27,0.00000,14.00000,0.00000,0.00000,0.00000
2024-12-02,0.00000,11.00000,11.00000,4.90000,4.90000
2024-12-03,0.00000,10.00000,3.00000,3.33000,3.33000
2024-12-04,0.00000,8.00000,4.00000,5.25000,5.25000
2024-12-05,0.00000,7.00000,3.00000,4.00000,4.00000
2024-12-06,3.00000,10.00000,1.00000,4.00000,4.00000
2024-12-09,8.00000,9.00000,8.00000,3.62000,3.62000
2024-12-10,1.00000,13.00000,1.00000,4.00000,4.00000
2024-12-11,3.00000,12.00000,3.00000,3.66000,3.66000
2024-12-12,1.00000,12.00000,2.00000,5.00000,5.00000
2024-12-13,0.00000,11.00000,5.00000,4.00000,4.00000
2024-12-16,0.00000,6.00000,8.00000,4.37000,4.37000
2024-12-17,0.00000,9.00000,1.00000,3.00000,3.00000
2024-12-18,0.00000,12.00000,1.00000,5.00000,5.00000
2024-12-19,0.00000,11.00000,1.00000,2.00000,2.00000
2024-12-20,0.00000,10.00000,5.00000,4.60000,4.60000
2024-12-23,0.00000,13.00000,8.00000,3.00000,3.00000
2024-12-24,1.00000,12.00000,2.00000,1.50000,1.50000
2024-12-26,1.00000,8.00000,5.00000,4.00000,4.00000
2024-12-27,1.00000,11.00000,2.00000,6.00000,6.00000
2024-12-30,0.00000,13.00000,5.00000,5.00000,5.00000
2024-12-31,0.00000,10.00000,4.00000,4.75000,4.75000
